URl,Color,Color,Color
https://i.redd.it/s5viyluv421z.jpg,#bc834a,#efd394,#d3c7b6
http://i.imgur.com/puEqa4C.jpg,#948a9c,#ee5031,#4e372e
http://i.imgur.com/puEqa4C.jpg,#948a9c,#ee5031,#4e372e
http://i.imgur.com/qvnjbVw.jpg,#afb4bc,#514120,#797e85
https://i.redd.it/c5pk0vnpg3ty.jpg,#6c83cb,#434660,#afb7dc
https://i.redd.it/c5pk0vnpg3ty.jpg,#6c83cb,#434660,#afb7dc
http://i.imgur.com/tyDhTll.jpg,#c8c0b0,#553e2a,#f5e4c8
http://i.imgur.com/tyDhTll.jpg,#c8c0b0,#553e2a,#f5e4c8
https://i.redd.it/4m5yk8gjrtzy.jpg,#b58972,#5b382e,#c6ada3
https://i.redd.it/h5t3qddvvzry.jpg,#48372e,#b4875e,#644124
https://i.redd.it/ihczg3pmle3z.jpg,#b4bdac,#808c73,#4e5841
https://i.redd.it/fsuv32a1cc9y.jpg,#583634,#9e7c6a,#d8c8ad
https://i.redd.it/fsuv32a1cc9y.jpg,#583634,#9e7c6a,#d8c8ad
http://i.imgur.com/6pnYQUv.jpg,#0873e1,#c4c4c0,#2e2f31
http://i.imgur.com/RycdbMO.jpg,#c9b9ac,#1176b8,#5e859b
https://i.redd.it/1nlgrn49x7ry.jpg,#c7af89,#8e8473,#514435
https://i.redd.it/fsuv32a1cc9y.jpg,#583634,#9e7c6a,#d8c8ad
https://i.redd.it/c5pk0vnpg3ty.jpg,#6c83cb,#434660,#afb7dc
https://i.redd.it/s5viyluv421z.jpg,#bc834a,#efd394,#d3c7b6
https://i.redd.it/tb5pckm6e72y.jpg,#c8c4b7,#6a3f32,#9e7264
https://i.redd.it/h5t3qddvvzry.jpg,#48372e,#b4875e,#644124
https://i.redd.it/ihczg3pmle3z.jpg,#b4bdac,#808c73,#4e5841
https://i.redd.it/cpkq97klre4z.jpg,#b4aa98,#4f5444,#a2695d
https://i.redd.it/ax4eueu0szpy.jpg,#c8afa9,#e9cdc4,#927e72
https://i.redd.it/cwljeujku33z.jpg,#6c6564,#ca9ca1,#e5ad78
https://i.redd.it/fyqzavufvjwy.jpg,#e9ac7e,#b18460,#e1d7c3
https://i.redd.it/tb5pckm6e72y.jpg,#c8c4b7,#6a3f32,#9e7264
http://i.imgur.com/TKLs9lo.jpg,#7987a1,#ec8b2d,#e16775
https://i.redd.it/s5viyluv421z.jpg,#bc834a,#efd394,#d3c7b6
https://i.redd.it/1nlgrn49x7ry.jpg,#c7af89,#8e8473,#514435
https://i.redd.it/cwljeujku33z.jpg,#6c6564,#ca9ca1,#e5ad78
http://i.imgur.com/qvnjbVw.jpg,#afb4bc,#514120,#797e85
http://i.imgur.com/qvnjbVw.jpg,#afb4bc,#514120,#797e85
http://i.imgur.com/puEqa4C.jpg,#948a9c,#ee5031,#4e372e
https://i.redd.it/ax4eueu0szpy.jpg,#c8afa9,#e9cdc4,#927e72
http://i.imgur.com/tyDhTll.jpg,#c8c0b0,#553e2a,#f5e4c8
http://i.imgur.com/TKLs9lo.jpg,#7987a1,#ec8b2d,#e16775
http://i.imgur.com/qvnjbVw.jpg,#afb4bc,#514120,#797e85
http://i.imgur.com/6pnYQUv.jpg,#0873e1,#c4c4c0,#2e2f31
http://i.imgur.com/tyDhTll.jpg,#c8c0b0,#553e2a,#f5e4c8
http://i.imgur.com/qvnjbVw.jpg,#afb4bc,#514120,#797e85
http://i.imgur.com/qvnjbVw.jpg,#afb4bc,#514120,#797e85
http://i.imgur.com/qvnjbVw.jpg,#afb4bc,#514120,#797e85
http://i.imgur.com/puEqa4C.jpg,#948a9c,#ee5031,#4e372e
https://i.redd.it/c5pk0vnpg3ty.jpg,#6c83cb,#434660,#afb7dc
http://i.imgur.com/puEqa4C.jpg,#948a9c,#ee5031,#4e372e
http://i.imgur.com/TKLs9lo.jpg,#7987a1,#ec8b2d,#e16775
http://i.imgur.com/puEqa4C.jpg,#948a9c,#ee5031,#4e372e
http://i.imgur.com/TKLs9lo.jpg,#7987a1,#ec8b2d,#e16775
http://i.imgur.com/tyDhTll.jpg,#c8c0b0,#553e2a,#f5e4c8
http://i.imgur.com/tyDhTll.jpg,#c8c0b0,#553e2a,#f5e4c8
https://i.redd.it/ihczg3pmle3z.jpg,#b4bdac,#808c73,#4e5841
http://i.imgur.com/TKLs9lo.jpg,#7987a1,#ec8b2d,#e16775
http://i.imgur.com/qvnjbVw.jpg,#afb4bc,#514120,#797e85
http://i.imgur.com/TKLs9lo.jpg,#7987a1,#ec8b2d,#e16775
http://i.imgur.com/qvnjbVw.jpg,#afb4bc,#514120,#797e85
http://i.imgur.com/puEqa4C.jpg,#948a9c,#ee5031,#4e372e
http://i.imgur.com/puEqa4C.jpg,#948a9c,#ee5031,#4e372e
http://i.imgur.com/tyDhTll.jpg,#c8c0b0,#553e2a,#f5e4c8
http://i.imgur.com/6pnYQUv.jpg,#0873e1,#c4c4c0,#2e2f31
https://i.redd.it/cwljeujku33z.jpg,#6c6564,#ca9ca1,#e5ad78
http://i.imgur.com/tyDhTll.jpg,#c8c0b0,#553e2a,#f5e4c8
https://i.redd.it/h5t3qddvvzry.jpg,#48372e,#b4875e,#644124
http://i.imgur.com/6pnYQUv.jpg,#0873e1,#c4c4c0,#2e2f31
https://i.redd.it/fsuv32a1cc9y.jpg,#583634,#9e7c6a,#d8c8ad
https://i.redd.it/h5t3qddvvzry.jpg,#48372e,#b4875e,#644124
http://i.imgur.com/6pnYQUv.jpg,#0873e1,#c4c4c0,#2e2f31
https://i.redd.it/xae65ypfqycy.jpg,#c43d2f,#8d5c5b,#523232
http://i.imgur.com/6pnYQUv.jpg,#0873e1,#c4c4c0,#2e2f31
http://i.imgur.com/6pnYQUv.jpg,#0873e1,#c4c4c0,#2e2f31
https://i.redd.it/ax4eueu0szpy.jpg,#c8afa9,#e9cdc4,#927e72
https://i.redd.it/ihczg3pmle3z.jpg,#b4bdac,#808c73,#4e5841
http://i.imgur.com/6pnYQUv.jpg,#0873e1,#c4c4c0,#2e2f31
https://i.redd.it/ax4eueu0szpy.jpg,#c8afa9,#e9cdc4,#927e72
https://i.redd.it/n9jq5j2tatcy.jpg,#938160,#614d39,#c0a05c
https://i.redd.it/nrafqoujmety.jpg,#63463a,#cab4b1,#8d4f2e
https://i.redd.it/cpkq97klre4z.jpg,#b4aa98,#4f5444,#a2695d
https://i.redd.it/ihczg3pmle3z.jpg,#b4bdac,#808c73,#4e5841
https://i.redd.it/fyqzavufvjwy.jpg,#e9ac7e,#b18460,#e1d7c3
https://i.redd.it/cpkq97klre4z.jpg,#b4aa98,#4f5444,#a2695d
https://i.redd.it/h5t3qddvvzry.jpg,#48372e,#b4875e,#644124
http://i.imgur.com/6pnYQUv.jpg,#0873e1,#c4c4c0,#2e2f31
https://i.redd.it/4m5yk8gjrtzy.jpg,#b58972,#5b382e,#c6ada3
https://i.redd.it/tb5pckm6e72y.jpg,#c8c4b7,#6a3f32,#9e7264
https://i.redd.it/fsuv32a1cc9y.jpg,#583634,#9e7c6a,#d8c8ad
https://i.redd.it/cwljeujku33z.jpg,#6c6564,#ca9ca1,#e5ad78
https://i.redd.it/c5pk0vnpg3ty.jpg,#6c83cb,#434660,#afb7dc
http://i.imgur.com/puEqa4C.jpg,#948a9c,#ee5031,#4e372e
https://i.redd.it/cwljeujku33z.jpg,#6c6564,#ca9ca1,#e5ad78
https://i.redd.it/rubsfuf64lvy.jpg,#4c4429,#0e117a,#94866a
https://i.redd.it/ru12lvaf7jyy.jpg,#5a3734,#c8a2a6,#a07b66
https://i.redd.it/ax4eueu0szpy.jpg,#c8afa9,#e9cdc4,#927e72
http://i.imgur.com/6pnYQUv.jpg,#0873e1,#c4c4c0,#2e2f31
https://i.redd.it/ru12lvaf7jyy.jpg,#5a3734,#c8a2a6,#a07b66
https://i.redd.it/ihczg3pmle3z.jpg,#b4bdac,#808c73,#4e5841
https://i.redd.it/c5pk0vnpg3ty.jpg,#6c83cb,#434660,#afb7dc
https://i.redd.it/4m5yk8gjrtzy.jpg,#b58972,#5b382e,#c6ada3
http://i.imgur.com/RycdbMO.jpg,#c9b9ac,#1176b8,#5e859b
https://i.redd.it/w5q6gldnvcuy.jpg,#a27b71,#5b3936,#dba49d
https://i.redd.it/ihczg3pmle3z.jpg,#b4bdac,#808c73,#4e5841
https://i.redd.it/ihczg3pmle3z.jpg,#b4bdac,#808c73,#4e5841
https://i.redd.it/ihczg3pmle3z.jpg,#b4bdac,#808c73,#4e5841
https://i.redd.it/c5pk0vnpg3ty.jpg,#6c83cb,#434660,#afb7dc
https://i.redd.it/c5pk0vnpg3ty.jpg,#6c83cb,#434660,#afb7dc
http://i.imgur.com/puEqa4C.jpg,#948a9c,#ee5031,#4e372e
https://i.redd.it/c5pk0vnpg3ty.jpg,#6c83cb,#434660,#afb7dc
http://i.imgur.com/TKLs9lo.jpg,#7987a1,#ec8b2d,#e16775
https://i.redd.it/tb5pckm6e72y.jpg,#c8c4b7,#6a3f32,#9e7264
https://i.redd.it/n9jq5j2tatcy.jpg,#938160,#614d39,#c0a05c
https://i.redd.it/h5t3qddvvzry.jpg,#48372e,#b4875e,#644124
https://i.redd.it/fsuv32a1cc9y.jpg,#583634,#9e7c6a,#d8c8ad
https://i.redd.it/h5t3qddvvzry.jpg,#48372e,#b4875e,#644124
https://i.redd.it/ihczg3pmle3z.jpg,#b4bdac,#808c73,#4e5841
https://i.redd.it/c5pk0vnpg3ty.jpg,#6c83cb,#434660,#afb7dc
https://i.redd.it/cpkq97klre4z.jpg,#b4aa98,#4f5444,#a2695d
https://i.redd.it/c5pk0vnpg3ty.jpg,#6c83cb,#434660,#afb7dc
https://i.redd.it/c5pk0vnpg3ty.jpg,#6c83cb,#434660,#afb7dc
https://i.redd.it/c5pk0vnpg3ty.jpg,#6c83cb,#434660,#afb7dc
https://i.redd.it/s5viyluv421z.jpg,#bc834a,#efd394,#d3c7b6
https://i.redd.it/fyqzavufvjwy.jpg,#e9ac7e,#b18460,#e1d7c3
https://i.redd.it/1nlgrn49x7ry.jpg,#c7af89,#8e8473,#514435
https://i.redd.it/tb5pckm6e72y.jpg,#c8c4b7,#6a3f32,#9e7264
https://i.redd.it/fsuv32a1cc9y.jpg,#583634,#9e7c6a,#d8c8ad
http://i.imgur.com/6pnYQUv.jpg,#0873e1,#c4c4c0,#2e2f31
https://i.redd.it/h5t3qddvvzry.jpg,#48372e,#b4875e,#644124
https://i.redd.it/fsuv32a1cc9y.jpg,#583634,#9e7c6a,#d8c8ad
https://i.redd.it/ihczg3pmle3z.jpg,#b4bdac,#808c73,#4e5841
http://i.imgur.com/puEqa4C.jpg,#948a9c,#ee5031,#4e372e
http://i.imgur.com/TKLs9lo.jpg,#7987a1,#ec8b2d,#e16775
http://i.imgur.com/qvnjbVw.jpg,#afb4bc,#514120,#797e85
http://i.imgur.com/puEqa4C.jpg,#948a9c,#ee5031,#4e372e
https://i.redd.it/c5pk0vnpg3ty.jpg,#6c83cb,#434660,#afb7dc
http://i.imgur.com/TKLs9lo.jpg,#7987a1,#ec8b2d,#e16775
http://i.imgur.com/puEqa4C.jpg,#948a9c,#ee5031,#4e372e
https://i.redd.it/ihczg3pmle3z.jpg,#b4bdac,#808c73,#4e5841
http://i.imgur.com/puEqa4C.jpg,#948a9c,#ee5031,#4e372e
https://i.redd.it/c5pk0vnpg3ty.jpg,#6c83cb,#434660,#afb7dc
https://i.redd.it/ihczg3pmle3z.jpg,#b4bdac,#808c73,#4e5841
https://i.redd.it/s5viyluv421z.jpg,#bc834a,#efd394,#d3c7b6
https://i.redd.it/fsuv32a1cc9y.jpg,#583634,#9e7c6a,#d8c8ad
https://i.redd.it/fsuv32a1cc9y.jpg,#583634,#9e7c6a,#d8c8ad
https://i.redd.it/fsuv32a1cc9y.jpg,#583634,#9e7c6a,#d8c8ad
https://i.redd.it/1nlgrn49x7ry.jpg,#c7af89,#8e8473,#514435
http://i.imgur.com/tyDhTll.jpg,#c8c0b0,#553e2a,#f5e4c8
https://i.redd.it/ihczg3pmle3z.jpg,#b4bdac,#808c73,#4e5841
https://i.redd.it/1nlgrn49x7ry.jpg,#c7af89,#8e8473,#514435
https://i.redd.it/h5t3qddvvzry.jpg,#48372e,#b4875e,#644124
https://i.redd.it/4m5yk8gjrtzy.jpg,#b58972,#5b382e,#c6ada3
https://i.redd.it/h5t3qddvvzry.jpg,#48372e,#b4875e,#644124
https://i.redd.it/fyqzavufvjwy.jpg,#e9ac7e,#b18460,#e1d7c3
https://i.redd.it/h5t3qddvvzry.jpg,#48372e,#b4875e,#644124
https://i.redd.it/h5t3qddvvzry.jpg,#48372e,#b4875e,#644124
https://i.redd.it/w5q6gldnvcuy.jpg,#a27b71,#5b3936,#dba49d
https://i.redd.it/fsuv32a1cc9y.jpg,#583634,#9e7c6a,#d8c8ad
https://i.redd.it/fyqzavufvjwy.jpg,#e9ac7e,#b18460,#e1d7c3
https://i.redd.it/s5viyluv421z.jpg,#bc834a,#efd394,#d3c7b6
https://i.redd.it/tb5pckm6e72y.jpg,#c8c4b7,#6a3f32,#9e7264
https://i.redd.it/fyqzavufvjwy.jpg,#e9ac7e,#b18460,#e1d7c3
https://i.redd.it/1nlgrn49x7ry.jpg,#c7af89,#8e8473,#514435
https://i.redd.it/4m5yk8gjrtzy.jpg,#b58972,#5b382e,#c6ada3
https://i.redd.it/1nlgrn49x7ry.jpg,#c7af89,#8e8473,#514435
https://i.redd.it/4m5yk8gjrtzy.jpg,#b58972,#5b382e,#c6ada3
https://i.redd.it/h5t3qddvvzry.jpg,#48372e,#b4875e,#644124
https://i.redd.it/cpkq97klre4z.jpg,#b4aa98,#4f5444,#a2695d
https://i.redd.it/cpkq97klre4z.jpg,#b4aa98,#4f5444,#a2695d
https://i.redd.it/1nlgrn49x7ry.jpg,#c7af89,#8e8473,#514435
https://i.redd.it/4m5yk8gjrtzy.jpg,#b58972,#5b382e,#c6ada3
https://i.redd.it/cpkq97klre4z.jpg,#b4aa98,#4f5444,#a2695d
https://i.redd.it/fsuv32a1cc9y.jpg,#583634,#9e7c6a,#d8c8ad
https://i.redd.it/h5t3qddvvzry.jpg,#48372e,#b4875e,#644124
http://i.imgur.com/qvnjbVw.jpg,#afb4bc,#514120,#797e85
https://i.redd.it/ihczg3pmle3z.jpg,#b4bdac,#808c73,#4e5841
http://i.imgur.com/qvnjbVw.jpg,#afb4bc,#514120,#797e85
http://i.imgur.com/puEqa4C.jpg,#948a9c,#ee5031,#4e372e
http://i.imgur.com/TKLs9lo.jpg,#7987a1,#ec8b2d,#e16775
https://i.redd.it/c5pk0vnpg3ty.jpg,#6c83cb,#434660,#afb7dc
https://i.redd.it/fyqzavufvjwy.jpg,#e9ac7e,#b18460,#e1d7c3
https://i.redd.it/xae65ypfqycy.jpg,#c43d2f,#8d5c5b,#523232
https://i.redd.it/s5viyluv421z.jpg,#bc834a,#efd394,#d3c7b6
https://i.redd.it/cpkq97klre4z.jpg,#b4aa98,#4f5444,#a2695d
https://i.redd.it/s5viyluv421z.jpg,#bc834a,#efd394,#d3c7b6
https://i.redd.it/cpkq97klre4z.jpg,#b4aa98,#4f5444,#a2695d
https://i.redd.it/s5viyluv421z.jpg,#bc834a,#efd394,#d3c7b6
https://i.redd.it/4m5yk8gjrtzy.jpg,#b58972,#5b382e,#c6ada3
https://i.redd.it/h5t3qddvvzry.jpg,#48372e,#b4875e,#644124
https://i.redd.it/fsuv32a1cc9y.jpg,#583634,#9e7c6a,#d8c8ad
https://i.redd.it/fyqzavufvjwy.jpg,#e9ac7e,#b18460,#e1d7c3
https://i.redd.it/tb5pckm6e72y.jpg,#c8c4b7,#6a3f32,#9e7264
https://i.redd.it/ihczg3pmle3z.jpg,#b4bdac,#808c73,#4e5841
http://i.imgur.com/tyDhTll.jpg,#c8c0b0,#553e2a,#f5e4c8
http://i.imgur.com/tyDhTll.jpg,#c8c0b0,#553e2a,#f5e4c8
https://i.redd.it/s5viyluv421z.jpg,#bc834a,#efd394,#d3c7b6
https://i.redd.it/4m5yk8gjrtzy.jpg,#b58972,#5b382e,#c6ada3
http://i.imgur.com/RycdbMO.jpg,#c9b9ac,#1176b8,#5e859b
https://i.redd.it/cpkq97klre4z.jpg,#b4aa98,#4f5444,#a2695d
https://i.redd.it/s5viyluv421z.jpg,#bc834a,#efd394,#d3c7b6
https://i.redd.it/tb5pckm6e72y.jpg,#c8c4b7,#6a3f32,#9e7264
https://i.redd.it/4m5yk8gjrtzy.jpg,#b58972,#5b382e,#c6ada3
https://i.redd.it/fsuv32a1cc9y.jpg,#583634,#9e7c6a,#d8c8ad
https://i.redd.it/fyqzavufvjwy.jpg,#e9ac7e,#b18460,#e1d7c3
http://i.imgur.com/tyDhTll.jpg,#c8c0b0,#553e2a,#f5e4c8
http://i.imgur.com/tyDhTll.jpg,#c8c0b0,#553e2a,#f5e4c8
http://i.imgur.com/qvnjbVw.jpg,#afb4bc,#514120,#797e85
http://i.imgur.com/qvnjbVw.jpg,#afb4bc,#514120,#797e85
https://i.redd.it/fyqzavufvjwy.jpg,#e9ac7e,#b18460,#e1d7c3
https://i.redd.it/n9jq5j2tatcy.jpg,#938160,#614d39,#c0a05c
https://i.redd.it/fyqzavufvjwy.jpg,#e9ac7e,#b18460,#e1d7c3
https://i.redd.it/cwljeujku33z.jpg,#6c6564,#ca9ca1,#e5ad78
https://i.redd.it/tb5pckm6e72y.jpg,#c8c4b7,#6a3f32,#9e7264
https://i.redd.it/1nlgrn49x7ry.jpg,#c7af89,#8e8473,#514435
https://i.redd.it/fyqzavufvjwy.jpg,#e9ac7e,#b18460,#e1d7c3
https://i.redd.it/cwljeujku33z.jpg,#6c6564,#ca9ca1,#e5ad78
https://i.redd.it/1nlgrn49x7ry.jpg,#c7af89,#8e8473,#514435
https://i.redd.it/c5pk0vnpg3ty.jpg,#6c83cb,#434660,#afb7dc
http://i.imgur.com/puEqa4C.jpg,#948a9c,#ee5031,#4e372e
http://i.imgur.com/TKLs9lo.jpg,#7987a1,#ec8b2d,#e16775
http://i.imgur.com/TKLs9lo.jpg,#7987a1,#ec8b2d,#e16775
http://i.imgur.com/M3NOzLC.jpg,#948c7c,#a95913,#722e0c
https://i.redd.it/cwljeujku33z.jpg,#6c6564,#ca9ca1,#e5ad78
https://i.redd.it/tb5pckm6e72y.jpg,#c8c4b7,#6a3f32,#9e7264
http://i.imgur.com/6pnYQUv.jpg,#0873e1,#c4c4c0,#2e2f31
http://i.imgur.com/tyDhTll.jpg,#c8c0b0,#553e2a,#f5e4c8
http://i.imgur.com/tyDhTll.jpg,#c8c0b0,#553e2a,#f5e4c8
https://i.redd.it/tb5pckm6e72y.jpg,#c8c4b7,#6a3f32,#9e7264
http://i.imgur.com/tyDhTll.jpg,#c8c0b0,#553e2a,#f5e4c8
http://i.imgur.com/RycdbMO.jpg,#c9b9ac,#1176b8,#5e859b
http://i.imgur.com/RycdbMO.jpg,#c9b9ac,#1176b8,#5e859b
http://i.imgur.com/RycdbMO.jpg,#c9b9ac,#1176b8,#5e859b
http://i.imgur.com/RycdbMO.jpg,#c9b9ac,#1176b8,#5e859b
https://i.redd.it/c5pk0vnpg3ty.jpg,#6c83cb,#434660,#afb7dc
https://i.redd.it/n9jq5j2tatcy.jpg,#938160,#614d39,#c0a05c
https://i.redd.it/ax4eueu0szpy.jpg,#c8afa9,#e9cdc4,#927e72
https://i.redd.it/s5viyluv421z.jpg,#bc834a,#efd394,#d3c7b6
https://i.redd.it/cpkq97klre4z.jpg,#b4aa98,#4f5444,#a2695d
https://i.redd.it/ihczg3pmle3z.jpg,#b4bdac,#808c73,#4e5841
https://i.redd.it/cpkq97klre4z.jpg,#b4aa98,#4f5444,#a2695d
http://i.imgur.com/TKLs9lo.jpg,#7987a1,#ec8b2d,#e16775
http://i.imgur.com/TKLs9lo.jpg,#7987a1,#ec8b2d,#e16775
https://i.redd.it/c5pk0vnpg3ty.jpg,#6c83cb,#434660,#afb7dc
https://i.redd.it/ax4eueu0szpy.jpg,#c8afa9,#e9cdc4,#927e72
http://i.imgur.com/RycdbMO.jpg,#c9b9ac,#1176b8,#5e859b
https://i.redd.it/fyqzavufvjwy.jpg,#e9ac7e,#b18460,#e1d7c3
https://i.redd.it/fsuv32a1cc9y.jpg,#583634,#9e7c6a,#d8c8ad
http://i.imgur.com/puEqa4C.jpg,#948a9c,#ee5031,#4e372e
http://i.imgur.com/qvnjbVw.jpg,#afb4bc,#514120,#797e85
https://i.redd.it/4m5yk8gjrtzy.jpg,#b58972,#5b382e,#c6ada3
http://i.imgur.com/qvnjbVw.jpg,#afb4bc,#514120,#797e85
http://i.imgur.com/TKLs9lo.jpg,#7987a1,#ec8b2d,#e16775
http://i.imgur.com/TKLs9lo.jpg,#7987a1,#ec8b2d,#e16775
http://i.imgur.com/TKLs9lo.jpg,#7987a1,#ec8b2d,#e16775
http://i.imgur.com/puEqa4C.jpg,#948a9c,#ee5031,#4e372e
http://i.imgur.com/qvnjbVw.jpg,#afb4bc,#514120,#797e85
https://i.redd.it/c5pk0vnpg3ty.jpg,#6c83cb,#434660,#afb7dc
http://i.imgur.com/puEqa4C.jpg,#948a9c,#ee5031,#4e372e
http://i.imgur.com/puEqa4C.jpg,#948a9c,#ee5031,#4e372e
http://i.imgur.com/sXhEQez.jpg,#b7b7b7,#4c4c4c,#7c7c7c
https://i.redd.it/n9jq5j2tatcy.jpg,#938160,#614d39,#c0a05c
https://i.redd.it/tb5pckm6e72y.jpg,#c8c4b7,#6a3f32,#9e7264
https://i.redd.it/nrafqoujmety.jpg,#63463a,#cab4b1,#8d4f2e
https://i.redd.it/h5t3qddvvzry.jpg,#48372e,#b4875e,#644124
https://i.redd.it/4m5yk8gjrtzy.jpg,#b58972,#5b382e,#c6ada3
https://i.redd.it/ihczg3pmle3z.jpg,#b4bdac,#808c73,#4e5841
http://i.imgur.com/tyDhTll.jpg,#c8c0b0,#553e2a,#f5e4c8
http://i.imgur.com/tyDhTll.jpg,#c8c0b0,#553e2a,#f5e4c8
http://i.imgur.com/puEqa4C.jpg,#948a9c,#ee5031,#4e372e
https://i.redd.it/c5pk0vnpg3ty.jpg,#6c83cb,#434660,#afb7dc
http://i.imgur.com/sXhEQez.jpg,#b7b7b7,#4c4c4c,#7c7c7c
https://i.redd.it/xae65ypfqycy.jpg,#c43d2f,#8d5c5b,#523232
https://i.redd.it/ax4eueu0szpy.jpg,#c8afa9,#e9cdc4,#927e72
https://i.redd.it/ax4eueu0szpy.jpg,#c8afa9,#e9cdc4,#927e72
https://i.redd.it/cwljeujku33z.jpg,#6c6564,#ca9ca1,#e5ad78
https://i.redd.it/4m5yk8gjrtzy.jpg,#b58972,#5b382e,#c6ada3
https://i.redd.it/fsuv32a1cc9y.jpg,#583634,#9e7c6a,#d8c8ad
https://i.redd.it/fsuv32a1cc9y.jpg,#583634,#9e7c6a,#d8c8ad
https://i.redd.it/h5t3qddvvzry.jpg,#48372e,#b4875e,#644124
http://i.imgur.com/TKLs9lo.jpg,#7987a1,#ec8b2d,#e16775
http://i.imgur.com/qvnjbVw.jpg,#afb4bc,#514120,#797e85
http://i.imgur.com/TKLs9lo.jpg,#7987a1,#ec8b2d,#e16775
http://i.imgur.com/puEqa4C.jpg,#948a9c,#ee5031,#4e372e
http://i.imgur.com/puEqa4C.jpg,#948a9c,#ee5031,#4e372e
http://i.imgur.com/TKLs9lo.jpg,#7987a1,#ec8b2d,#e16775
http://i.imgur.com/sXhEQez.jpg,#b7b7b7,#4c4c4c,#7c7c7c
https://i.redd.it/n9jq5j2tatcy.jpg,#938160,#614d39,#c0a05c
https://i.redd.it/ax4eueu0szpy.jpg,#c8afa9,#e9cdc4,#927e72
https://i.redd.it/1nlgrn49x7ry.jpg,#c7af89,#8e8473,#514435
https://i.redd.it/h5t3qddvvzry.jpg,#48372e,#b4875e,#644124
https://i.redd.it/fyqzavufvjwy.jpg,#e9ac7e,#b18460,#e1d7c3
http://i.imgur.com/6pnYQUv.jpg,#0873e1,#c4c4c0,#2e2f31
http://i.imgur.com/6pnYQUv.jpg,#0873e1,#c4c4c0,#2e2f31
https://i.redd.it/4m5yk8gjrtzy.jpg,#b58972,#5b382e,#c6ada3
https://i.redd.it/ihczg3pmle3z.jpg,#b4bdac,#808c73,#4e5841
http://i.imgur.com/6pnYQUv.jpg,#0873e1,#c4c4c0,#2e2f31
http://i.imgur.com/tyDhTll.jpg,#c8c0b0,#553e2a,#f5e4c8
https://i.redd.it/s5viyluv421z.jpg,#bc834a,#efd394,#d3c7b6
http://i.imgur.com/qvnjbVw.jpg,#afb4bc,#514120,#797e85
http://i.imgur.com/TKLs9lo.jpg,#7987a1,#ec8b2d,#e16775
http://i.imgur.com/TKLs9lo.jpg,#7987a1,#ec8b2d,#e16775
http://i.imgur.com/qvnjbVw.jpg,#afb4bc,#514120,#797e85
http://i.imgur.com/TKLs9lo.jpg,#7987a1,#ec8b2d,#e16775
http://i.imgur.com/qvnjbVw.jpg,#afb4bc,#514120,#797e85
https://i.redd.it/c5pk0vnpg3ty.jpg,#6c83cb,#434660,#afb7dc
http://i.imgur.com/qvnjbVw.jpg,#afb4bc,#514120,#797e85
http://i.imgur.com/qvnjbVw.jpg,#afb4bc,#514120,#797e85
http://i.imgur.com/qvnjbVw.jpg,#afb4bc,#514120,#797e85
http://i.imgur.com/TKLs9lo.jpg,#7987a1,#ec8b2d,#e16775
http://i.imgur.com/sXhEQez.jpg,#b7b7b7,#4c4c4c,#7c7c7c
https://i.redd.it/xae65ypfqycy.jpg,#c43d2f,#8d5c5b,#523232
https://i.redd.it/cwljeujku33z.jpg,#6c6564,#ca9ca1,#e5ad78
https://i.redd.it/tb5pckm6e72y.jpg,#c8c4b7,#6a3f32,#9e7264
https://i.redd.it/s5viyluv421z.jpg,#bc834a,#efd394,#d3c7b6
https://i.redd.it/1nlgrn49x7ry.jpg,#c7af89,#8e8473,#514435
https://i.redd.it/cpkq97klre4z.jpg,#b4aa98,#4f5444,#a2695d
https://i.redd.it/cpkq97klre4z.jpg,#b4aa98,#4f5444,#a2695d
https://i.redd.it/fsuv32a1cc9y.jpg,#583634,#9e7c6a,#d8c8ad
https://i.redd.it/s5viyluv421z.jpg,#bc834a,#efd394,#d3c7b6
https://i.redd.it/fsuv32a1cc9y.jpg,#583634,#9e7c6a,#d8c8ad
http://i.imgur.com/tyDhTll.jpg,#c8c0b0,#553e2a,#f5e4c8
http://i.imgur.com/tyDhTll.jpg,#c8c0b0,#553e2a,#f5e4c8
http://i.imgur.com/qvnjbVw.jpg,#afb4bc,#514120,#797e85
https://i.redd.it/c5pk0vnpg3ty.jpg,#6c83cb,#434660,#afb7dc
http://i.imgur.com/FApqk3D.jpg,#049c3c,#f3c404,#e1ddd3
https://i.redd.it/4m5yk8gjrtzy.jpg,#b58972,#5b382e,#c6ada3
https://i.redd.it/cpkq97klre4z.jpg,#b4aa98,#4f5444,#a2695d
https://i.redd.it/fsuv32a1cc9y.jpg,#583634,#9e7c6a,#d8c8ad
https://i.redd.it/h5t3qddvvzry.jpg,#48372e,#b4875e,#644124
https://i.redd.it/1nlgrn49x7ry.jpg,#c7af89,#8e8473,#514435
https://i.redd.it/tb5pckm6e72y.jpg,#c8c4b7,#6a3f32,#9e7264
https://i.redd.it/4m5yk8gjrtzy.jpg,#b58972,#5b382e,#c6ada3
https://i.redd.it/fsuv32a1cc9y.jpg,#583634,#9e7c6a,#d8c8ad
https://i.redd.it/1nlgrn49x7ry.jpg,#c7af89,#8e8473,#514435
http://i.imgur.com/6pnYQUv.jpg,#0873e1,#c4c4c0,#2e2f31
https://i.redd.it/1nlgrn49x7ry.jpg,#c7af89,#8e8473,#514435
http://i.imgur.com/6pnYQUv.jpg,#0873e1,#c4c4c0,#2e2f31
https://i.redd.it/ihczg3pmle3z.jpg,#b4bdac,#808c73,#4e5841
http://i.imgur.com/6pnYQUv.jpg,#0873e1,#c4c4c0,#2e2f31
http://i.imgur.com/tyDhTll.jpg,#c8c0b0,#553e2a,#f5e4c8
https://i.redd.it/ihczg3pmle3z.jpg,#b4bdac,#808c73,#4e5841
http://i.imgur.com/puEqa4C.jpg,#948a9c,#ee5031,#4e372e
http://i.imgur.com/TKLs9lo.jpg,#7987a1,#ec8b2d,#e16775
https://i.redd.it/ru12lvaf7jyy.jpg,#5a3734,#c8a2a6,#a07b66
https://i.redd.it/1nlgrn49x7ry.jpg,#c7af89,#8e8473,#514435
https://i.redd.it/4m5yk8gjrtzy.jpg,#b58972,#5b382e,#c6ada3
https://i.redd.it/1nlgrn49x7ry.jpg,#c7af89,#8e8473,#514435
http://i.imgur.com/FApqk3D.jpg,#049c3c,#f3c404,#e1ddd3
https://i.redd.it/fsuv32a1cc9y.jpg,#583634,#9e7c6a,#d8c8ad
http://i.imgur.com/FApqk3D.jpg,#049c3c,#f3c404,#e1ddd3
http://i.imgur.com/FApqk3D.jpg,#049c3c,#f3c404,#e1ddd3
https://i.redd.it/cpkq97klre4z.jpg,#b4aa98,#4f5444,#a2695d
https://i.redd.it/ihczg3pmle3z.jpg,#b4bdac,#808c73,#4e5841
http://i.imgur.com/6pnYQUv.jpg,#0873e1,#c4c4c0,#2e2f31
https://i.redd.it/cpkq97klre4z.jpg,#b4aa98,#4f5444,#a2695d
https://i.redd.it/fyqzavufvjwy.jpg,#e9ac7e,#b18460,#e1d7c3
http://i.imgur.com/6pnYQUv.jpg,#0873e1,#c4c4c0,#2e2f31
http://i.imgur.com/6pnYQUv.jpg,#0873e1,#c4c4c0,#2e2f31
https://i.redd.it/h5t3qddvvzry.jpg,#48372e,#b4875e,#644124
http://i.imgur.com/tyDhTll.jpg,#c8c0b0,#553e2a,#f5e4c8
https://i.redd.it/ihczg3pmle3z.jpg,#b4bdac,#808c73,#4e5841
http://i.imgur.com/tyDhTll.jpg,#c8c0b0,#553e2a,#f5e4c8
http://i.imgur.com/FApqk3D.jpg,#049c3c,#f3c404,#e1ddd3
https://i.redd.it/cwljeujku33z.jpg,#6c6564,#ca9ca1,#e5ad78
https://i.redd.it/ax4eueu0szpy.jpg,#c8afa9,#e9cdc4,#927e72
https://i.redd.it/tb5pckm6e72y.jpg,#c8c4b7,#6a3f32,#9e7264
https://i.redd.it/ax4eueu0szpy.jpg,#c8afa9,#e9cdc4,#927e72
https://i.redd.it/cwljeujku33z.jpg,#6c6564,#ca9ca1,#e5ad78
https://i.redd.it/fyqzavufvjwy.jpg,#e9ac7e,#b18460,#e1d7c3
https://i.redd.it/fyqzavufvjwy.jpg,#e9ac7e,#b18460,#e1d7c3
https://i.redd.it/s5viyluv421z.jpg,#bc834a,#efd394,#d3c7b6
https://i.redd.it/h5t3qddvvzry.jpg,#48372e,#b4875e,#644124
https://i.redd.it/fyqzavufvjwy.jpg,#e9ac7e,#b18460,#e1d7c3
https://i.redd.it/fsuv32a1cc9y.jpg,#583634,#9e7c6a,#d8c8ad
https://i.redd.it/fsuv32a1cc9y.jpg,#583634,#9e7c6a,#d8c8ad
http://i.imgur.com/6pnYQUv.jpg,#0873e1,#c4c4c0,#2e2f31
http://i.imgur.com/6pnYQUv.jpg,#0873e1,#c4c4c0,#2e2f31
https://i.redd.it/nrafqoujmety.jpg,#63463a,#cab4b1,#8d4f2e
http://i.imgur.com/RycdbMO.jpg,#c9b9ac,#1176b8,#5e859b
https://i.redd.it/s5viyluv421z.jpg,#bc834a,#efd394,#d3c7b6
http://i.imgur.com/FApqk3D.jpg,#049c3c,#f3c404,#e1ddd3
https://i.redd.it/xae65ypfqycy.jpg,#c43d2f,#8d5c5b,#523232
https://i.redd.it/cpkq97klre4z.jpg,#b4aa98,#4f5444,#a2695d
https://i.redd.it/1nlgrn49x7ry.jpg,#c7af89,#8e8473,#514435
https://i.redd.it/cwljeujku33z.jpg,#6c6564,#ca9ca1,#e5ad78
https://i.redd.it/cwljeujku33z.jpg,#6c6564,#ca9ca1,#e5ad78
https://i.redd.it/tb5pckm6e72y.jpg,#c8c4b7,#6a3f32,#9e7264
https://i.redd.it/fyqzavufvjwy.jpg,#e9ac7e,#b18460,#e1d7c3
https://i.redd.it/tb5pckm6e72y.jpg,#c8c4b7,#6a3f32,#9e7264
https://i.redd.it/s5viyluv421z.jpg,#bc834a,#efd394,#d3c7b6
http://i.imgur.com/FApqk3D.jpg,#049c3c,#f3c404,#e1ddd3
https://i.redd.it/n9jq5j2tatcy.jpg,#938160,#614d39,#c0a05c
http://i.imgur.com/FApqk3D.jpg,#049c3c,#f3c404,#e1ddd3
https://i.redd.it/s5viyluv421z.jpg,#bc834a,#efd394,#d3c7b6
https://i.redd.it/fyqzavufvjwy.jpg,#e9ac7e,#b18460,#e1d7c3
https://i.redd.it/tb5pckm6e72y.jpg,#c8c4b7,#6a3f32,#9e7264
https://i.redd.it/cwljeujku33z.jpg,#6c6564,#ca9ca1,#e5ad78
https://i.redd.it/4m5yk8gjrtzy.jpg,#b58972,#5b382e,#c6ada3
https://i.redd.it/cwljeujku33z.jpg,#6c6564,#ca9ca1,#e5ad78
https://i.redd.it/1nlgrn49x7ry.jpg,#c7af89,#8e8473,#514435
https://i.redd.it/cwljeujku33z.jpg,#6c6564,#ca9ca1,#e5ad78
https://i.redd.it/tb5pckm6e72y.jpg,#c8c4b7,#6a3f32,#9e7264
https://i.redd.it/1nlgrn49x7ry.jpg,#c7af89,#8e8473,#514435
https://i.redd.it/h5t3qddvvzry.jpg,#48372e,#b4875e,#644124
https://i.redd.it/ihczg3pmle3z.jpg,#b4bdac,#808c73,#4e5841
https://i.redd.it/c5pk0vnpg3ty.jpg,#6c83cb,#434660,#afb7dc
https://i.redd.it/s5viyluv421z.jpg,#bc834a,#efd394,#d3c7b6
https://i.redd.it/s5viyluv421z.jpg,#bc834a,#efd394,#d3c7b6
https://i.redd.it/h5t3qddvvzry.jpg,#48372e,#b4875e,#644124
https://i.redd.it/ax4eueu0szpy.jpg,#c8afa9,#e9cdc4,#927e72
https://i.redd.it/cwljeujku33z.jpg,#6c6564,#ca9ca1,#e5ad78
https://i.redd.it/n9jq5j2tatcy.jpg,#938160,#614d39,#c0a05c
https://i.redd.it/n9jq5j2tatcy.jpg,#938160,#614d39,#c0a05c
https://i.redd.it/s5viyluv421z.jpg,#bc834a,#efd394,#d3c7b6
https://i.redd.it/fyqzavufvjwy.jpg,#e9ac7e,#b18460,#e1d7c3
https://i.redd.it/1nlgrn49x7ry.jpg,#c7af89,#8e8473,#514435
https://i.redd.it/cpkq97klre4z.jpg,#b4aa98,#4f5444,#a2695d
https://i.redd.it/ru12lvaf7jyy.jpg,#5a3734,#c8a2a6,#a07b66
https://i.redd.it/w5q6gldnvcuy.jpg,#a27b71,#5b3936,#dba49d
https://i.redd.it/ax4eueu0szpy.jpg,#c8afa9,#e9cdc4,#927e72
https://i.redd.it/nrafqoujmety.jpg,#63463a,#cab4b1,#8d4f2e
https://i.redd.it/ax4eueu0szpy.jpg,#c8afa9,#e9cdc4,#927e72
https://i.redd.it/cwljeujku33z.jpg,#6c6564,#ca9ca1,#e5ad78
https://i.redd.it/cpkq97klre4z.jpg,#b4aa98,#4f5444,#a2695d
https://i.redd.it/fyqzavufvjwy.jpg,#e9ac7e,#b18460,#e1d7c3
https://i.redd.it/4m5yk8gjrtzy.jpg,#b58972,#5b382e,#c6ada3
https://i.redd.it/s5viyluv421z.jpg,#bc834a,#efd394,#d3c7b6
https://i.redd.it/ax4eueu0szpy.jpg,#c8afa9,#e9cdc4,#927e72
https://i.redd.it/tb5pckm6e72y.jpg,#c8c4b7,#6a3f32,#9e7264
https://i.redd.it/c5pk0vnpg3ty.jpg,#6c83cb,#434660,#afb7dc
https://i.redd.it/guul6eld2soy.jpg,#4e4826,#d2cbb7,#0a2e95
https://i.redd.it/nrafqoujmety.jpg,#63463a,#cab4b1,#8d4f2e
https://i.redd.it/ax4eueu0szpy.jpg,#c8afa9,#e9cdc4,#927e72
https://i.redd.it/nrafqoujmety.jpg,#63463a,#cab4b1,#8d4f2e
https://i.redd.it/rubsfuf64lvy.jpg,#4c4429,#0e117a,#94866a
https://i.redd.it/1nlgrn49x7ry.jpg,#c7af89,#8e8473,#514435
https://i.redd.it/ax4eueu0szpy.jpg,#c8afa9,#e9cdc4,#927e72
https://i.redd.it/4m5yk8gjrtzy.jpg,#b58972,#5b382e,#c6ada3
https://i.redd.it/1nlgrn49x7ry.jpg,#c7af89,#8e8473,#514435
https://i.redd.it/ihczg3pmle3z.jpg,#b4bdac,#808c73,#4e5841
http://i.imgur.com/tyDhTll.jpg,#c8c0b0,#553e2a,#f5e4c8
https://i.redd.it/cpkq97klre4z.jpg,#b4aa98,#4f5444,#a2695d
https://i.redd.it/tb5pckm6e72y.jpg,#c8c4b7,#6a3f32,#9e7264
http://i.imgur.com/M3NOzLC.jpg,#948c7c,#a95913,#722e0c
https://i.redd.it/nrafqoujmety.jpg,#63463a,#cab4b1,#8d4f2e
https://i.redd.it/xae65ypfqycy.jpg,#c43d2f,#8d5c5b,#523232
https://i.redd.it/n9jq5j2tatcy.jpg,#938160,#614d39,#c0a05c
https://i.redd.it/ax4eueu0szpy.jpg,#c8afa9,#e9cdc4,#927e72
https://i.redd.it/ax4eueu0szpy.jpg,#c8afa9,#e9cdc4,#927e72
https://i.redd.it/tb5pckm6e72y.jpg,#c8c4b7,#6a3f32,#9e7264
https://i.redd.it/ax4eueu0szpy.jpg,#c8afa9,#e9cdc4,#927e72
https://i.redd.it/cpkq97klre4z.jpg,#b4aa98,#4f5444,#a2695d
https://i.redd.it/4m5yk8gjrtzy.jpg,#b58972,#5b382e,#c6ada3
https://i.redd.it/s5viyluv421z.jpg,#bc834a,#efd394,#d3c7b6
https://i.redd.it/h5t3qddvvzry.jpg,#48372e,#b4875e,#644124
https://i.redd.it/4m5yk8gjrtzy.jpg,#b58972,#5b382e,#c6ada3
https://i.redd.it/xae65ypfqycy.jpg,#c43d2f,#8d5c5b,#523232
http://i.imgur.com/sXhEQez.jpg,#b7b7b7,#4c4c4c,#7c7c7c
http://i.imgur.com/sXhEQez.jpg,#b7b7b7,#4c4c4c,#7c7c7c
https://i.redd.it/xae65ypfqycy.jpg,#c43d2f,#8d5c5b,#523232
https://i.redd.it/ax4eueu0szpy.jpg,#c8afa9,#e9cdc4,#927e72
https://i.redd.it/xae65ypfqycy.jpg,#c43d2f,#8d5c5b,#523232
https://i.redd.it/xae65ypfqycy.jpg,#c43d2f,#8d5c5b,#523232
http://i.imgur.com/RycdbMO.jpg,#c9b9ac,#1176b8,#5e859b
http://i.imgur.com/RycdbMO.jpg,#c9b9ac,#1176b8,#5e859b
https://i.redd.it/n9jq5j2tatcy.jpg,#938160,#614d39,#c0a05c
https://i.redd.it/n9jq5j2tatcy.jpg,#938160,#614d39,#c0a05c
http://i.imgur.com/RycdbMO.jpg,#c9b9ac,#1176b8,#5e859b
http://i.imgur.com/sXhEQez.jpg,#b7b7b7,#4c4c4c,#7c7c7c
http://i.imgur.com/RycdbMO.jpg,#c9b9ac,#1176b8,#5e859b
https://i.redd.it/nrafqoujmety.jpg,#63463a,#cab4b1,#8d4f2e
https://i.redd.it/cwljeujku33z.jpg,#6c6564,#ca9ca1,#e5ad78
https://i.redd.it/fyqzavufvjwy.jpg,#e9ac7e,#b18460,#e1d7c3
https://i.redd.it/cwljeujku33z.jpg,#6c6564,#ca9ca1,#e5ad78
https://i.redd.it/tb5pckm6e72y.jpg,#c8c4b7,#6a3f32,#9e7264
http://i.imgur.com/6pnYQUv.jpg,#0873e1,#c4c4c0,#2e2f31
https://i.redd.it/cwljeujku33z.jpg,#6c6564,#ca9ca1,#e5ad78
https://i.redd.it/1nlgrn49x7ry.jpg,#c7af89,#8e8473,#514435
https://i.redd.it/nrafqoujmety.jpg,#63463a,#cab4b1,#8d4f2e
http://i.imgur.com/RycdbMO.jpg,#c9b9ac,#1176b8,#5e859b
http://i.imgur.com/RycdbMO.jpg,#c9b9ac,#1176b8,#5e859b
https://i.redd.it/n9jq5j2tatcy.jpg,#938160,#614d39,#c0a05c
http://i.imgur.com/RycdbMO.jpg,#c9b9ac,#1176b8,#5e859b
http://i.imgur.com/RycdbMO.jpg,#c9b9ac,#1176b8,#5e859b
https://i.redd.it/n9jq5j2tatcy.jpg,#938160,#614d39,#c0a05c
http://i.imgur.com/RycdbMO.jpg,#c9b9ac,#1176b8,#5e859b
https://i.redd.it/cwljeujku33z.jpg,#6c6564,#ca9ca1,#e5ad78
https://i.redd.it/4m5yk8gjrtzy.jpg,#b58972,#5b382e,#c6ada3
https://i.redd.it/fyqzavufvjwy.jpg,#e9ac7e,#b18460,#e1d7c3
https://i.redd.it/h5t3qddvvzry.jpg,#48372e,#b4875e,#644124
https://i.redd.it/nrafqoujmety.jpg,#63463a,#cab4b1,#8d4f2e
https://i.redd.it/n9jq5j2tatcy.jpg,#938160,#614d39,#c0a05c
https://i.redd.it/ax4eueu0szpy.jpg,#c8afa9,#e9cdc4,#927e72
https://i.redd.it/tb5pckm6e72y.jpg,#c8c4b7,#6a3f32,#9e7264
https://i.redd.it/4m5yk8gjrtzy.jpg,#b58972,#5b382e,#c6ada3
http://i.imgur.com/RycdbMO.jpg,#c9b9ac,#1176b8,#5e859b
https://i.redd.it/ax4eueu0szpy.jpg,#c8afa9,#e9cdc4,#927e72
https://i.redd.it/nrafqoujmety.jpg,#63463a,#cab4b1,#8d4f2e
https://i.redd.it/s5viyluv421z.jpg,#bc834a,#efd394,#d3c7b6
https://i.redd.it/4m5yk8gjrtzy.jpg,#b58972,#5b382e,#c6ada3
http://i.imgur.com/6pnYQUv.jpg,#0873e1,#c4c4c0,#2e2f31
http://i.imgur.com/M3NOzLC.jpg,#948c7c,#a95913,#722e0c
https://i.redd.it/n9jq5j2tatcy.jpg,#938160,#614d39,#c0a05c
http://i.imgur.com/sXhEQez.jpg,#b7b7b7,#4c4c4c,#7c7c7c
https://i.redd.it/n9jq5j2tatcy.jpg,#938160,#614d39,#c0a05c
https://i.redd.it/n9jq5j2tatcy.jpg,#938160,#614d39,#c0a05c
https://i.redd.it/cwljeujku33z.jpg,#6c6564,#ca9ca1,#e5ad78
http://i.imgur.com/lcEUZHv.jpg,#c4bcbc,#444b57,#f6dfb6
https://i.redd.it/fyqzavufvjwy.jpg,#e9ac7e,#b18460,#e1d7c3
http://i.imgur.com/sXhEQez.jpg,#b7b7b7,#4c4c4c,#7c7c7c
https://i.redd.it/xae65ypfqycy.jpg,#c43d2f,#8d5c5b,#523232
https://i.redd.it/n9jq5j2tatcy.jpg,#938160,#614d39,#c0a05c
https://i.redd.it/n9jq5j2tatcy.jpg,#938160,#614d39,#c0a05c
http://i.imgur.com/sXhEQez.jpg,#b7b7b7,#4c4c4c,#7c7c7c
http://i.imgur.com/sXhEQez.jpg,#b7b7b7,#4c4c4c,#7c7c7c
http://i.imgur.com/lcEUZHv.jpg,#c4bcbc,#444b57,#f6dfb6
http://i.imgur.com/M3NOzLC.jpg,#948c7c,#a95913,#722e0c
http://i.imgur.com/RycdbMO.jpg,#c9b9ac,#1176b8,#5e859b
http://i.imgur.com/sXhEQez.jpg,#b7b7b7,#4c4c4c,#7c7c7c
https://i.redd.it/cpkq97klre4z.jpg,#b4aa98,#4f5444,#a2695d
https://i.redd.it/cpkq97klre4z.jpg,#b4aa98,#4f5444,#a2695d
https://i.redd.it/s5viyluv421z.jpg,#bc834a,#efd394,#d3c7b6
https://i.redd.it/xae65ypfqycy.jpg,#c43d2f,#8d5c5b,#523232
http://i.imgur.com/FApqk3D.jpg,#049c3c,#f3c404,#e1ddd3
https://i.redd.it/nrafqoujmety.jpg,#63463a,#cab4b1,#8d4f2e
https://i.redd.it/nrafqoujmety.jpg,#63463a,#cab4b1,#8d4f2e
http://i.imgur.com/sXhEQez.jpg,#b7b7b7,#4c4c4c,#7c7c7c
http://i.imgur.com/sXhEQez.jpg,#b7b7b7,#4c4c4c,#7c7c7c
https://i.redd.it/nrafqoujmety.jpg,#63463a,#cab4b1,#8d4f2e
http://i.imgur.com/sXhEQez.jpg,#b7b7b7,#4c4c4c,#7c7c7c
http://i.imgur.com/sXhEQez.jpg,#b7b7b7,#4c4c4c,#7c7c7c
https://i.redd.it/n9jq5j2tatcy.jpg,#938160,#614d39,#c0a05c
https://i.redd.it/tb5pckm6e72y.jpg,#c8c4b7,#6a3f32,#9e7264
https://i.redd.it/xae65ypfqycy.jpg,#c43d2f,#8d5c5b,#523232
https://i.redd.it/nrafqoujmety.jpg,#63463a,#cab4b1,#8d4f2e
https://i.redd.it/n9jq5j2tatcy.jpg,#938160,#614d39,#c0a05c
http://i.imgur.com/M3NOzLC.jpg,#948c7c,#a95913,#722e0c
http://i.imgur.com/lcEUZHv.jpg,#c4bcbc,#444b57,#f6dfb6
http://i.imgur.com/lcEUZHv.jpg,#c4bcbc,#444b57,#f6dfb6
https://i.redd.it/1nlgrn49x7ry.jpg,#c7af89,#8e8473,#514435
http://i.imgur.com/FApqk3D.jpg,#049c3c,#f3c404,#e1ddd3
https://i.redd.it/nrafqoujmety.jpg,#63463a,#cab4b1,#8d4f2e
https://i.redd.it/nrafqoujmety.jpg,#63463a,#cab4b1,#8d4f2e
https://i.redd.it/ru12lvaf7jyy.jpg,#5a3734,#c8a2a6,#a07b66
https://i.redd.it/nrafqoujmety.jpg,#63463a,#cab4b1,#8d4f2e
https://i.redd.it/nrafqoujmety.jpg,#63463a,#cab4b1,#8d4f2e
http://i.imgur.com/sXhEQez.jpg,#b7b7b7,#4c4c4c,#7c7c7c
http://i.imgur.com/RycdbMO.jpg,#c9b9ac,#1176b8,#5e859b
https://i.redd.it/n9jq5j2tatcy.jpg,#938160,#614d39,#c0a05c
https://i.redd.it/cwljeujku33z.jpg,#6c6564,#ca9ca1,#e5ad78
https://i.redd.it/w5q6gldnvcuy.jpg,#a27b71,#5b3936,#dba49d
https://i.redd.it/xae65ypfqycy.jpg,#c43d2f,#8d5c5b,#523232
https://i.redd.it/rubsfuf64lvy.jpg,#4c4429,#0e117a,#94866a
http://i.imgur.com/FApqk3D.jpg,#049c3c,#f3c404,#e1ddd3
http://i.imgur.com/RycdbMO.jpg,#c9b9ac,#1176b8,#5e859b
https://i.redd.it/xae65ypfqycy.jpg,#c43d2f,#8d5c5b,#523232
https://i.redd.it/nrafqoujmety.jpg,#63463a,#cab4b1,#8d4f2e
https://i.redd.it/nrafqoujmety.jpg,#63463a,#cab4b1,#8d4f2e
https://i.redd.it/xae65ypfqycy.jpg,#c43d2f,#8d5c5b,#523232
https://i.redd.it/ax4eueu0szpy.jpg,#c8afa9,#e9cdc4,#927e72
https://i.redd.it/cpkq97klre4z.jpg,#b4aa98,#4f5444,#a2695d
https://i.redd.it/w5q6gldnvcuy.jpg,#a27b71,#5b3936,#dba49d
http://i.imgur.com/FApqk3D.jpg,#049c3c,#f3c404,#e1ddd3
http://i.imgur.com/lcEUZHv.jpg,#c4bcbc,#444b57,#f6dfb6
https://i.redd.it/xae65ypfqycy.jpg,#c43d2f,#8d5c5b,#523232
https://i.redd.it/xae65ypfqycy.jpg,#c43d2f,#8d5c5b,#523232
https://i.redd.it/nrafqoujmety.jpg,#63463a,#cab4b1,#8d4f2e
http://i.imgur.com/RycdbMO.jpg,#c9b9ac,#1176b8,#5e859b
https://i.redd.it/w5q6gldnvcuy.jpg,#a27b71,#5b3936,#dba49d
http://i.imgur.com/sXhEQez.jpg,#b7b7b7,#4c4c4c,#7c7c7c
http://i.imgur.com/RycdbMO.jpg,#c9b9ac,#1176b8,#5e859b
https://i.redd.it/nrafqoujmety.jpg,#63463a,#cab4b1,#8d4f2e
https://i.redd.it/n9jq5j2tatcy.jpg,#938160,#614d39,#c0a05c
https://i.redd.it/rubsfuf64lvy.jpg,#4c4429,#0e117a,#94866a
https://i.redd.it/rubsfuf64lvy.jpg,#4c4429,#0e117a,#94866a
https://i.redd.it/ru12lvaf7jyy.jpg,#5a3734,#c8a2a6,#a07b66
https://i.redd.it/w5q6gldnvcuy.jpg,#a27b71,#5b3936,#dba49d
https://i.redd.it/xae65ypfqycy.jpg,#c43d2f,#8d5c5b,#523232
https://i.redd.it/rubsfuf64lvy.jpg,#4c4429,#0e117a,#94866a
https://i.redd.it/ru12lvaf7jyy.jpg,#5a3734,#c8a2a6,#a07b66
http://i.imgur.com/sXhEQez.jpg,#b7b7b7,#4c4c4c,#7c7c7c
http://i.imgur.com/sXhEQez.jpg,#b7b7b7,#4c4c4c,#7c7c7c
https://i.redd.it/w5q6gldnvcuy.jpg,#a27b71,#5b3936,#dba49d
http://i.imgur.com/FApqk3D.jpg,#049c3c,#f3c404,#e1ddd3
https://i.redd.it/rubsfuf64lvy.jpg,#4c4429,#0e117a,#94866a
https://i.redd.it/ru12lvaf7jyy.jpg,#5a3734,#c8a2a6,#a07b66
https://i.redd.it/w5q6gldnvcuy.jpg,#a27b71,#5b3936,#dba49d
https://i.redd.it/xae65ypfqycy.jpg,#c43d2f,#8d5c5b,#523232
http://i.imgur.com/FApqk3D.jpg,#049c3c,#f3c404,#e1ddd3
http://i.imgur.com/RycdbMO.jpg,#c9b9ac,#1176b8,#5e859b
https://i.redd.it/n9jq5j2tatcy.jpg,#938160,#614d39,#c0a05c
https://i.redd.it/ru12lvaf7jyy.jpg,#5a3734,#c8a2a6,#a07b66
https://i.redd.it/w5q6gldnvcuy.jpg,#a27b71,#5b3936,#dba49d
http://i.imgur.com/sXhEQez.jpg,#b7b7b7,#4c4c4c,#7c7c7c
http://i.imgur.com/sXhEQez.jpg,#b7b7b7,#4c4c4c,#7c7c7c
http://i.imgur.com/sXhEQez.jpg,#b7b7b7,#4c4c4c,#7c7c7c
https://i.redd.it/ru12lvaf7jyy.jpg,#5a3734,#c8a2a6,#a07b66
https://i.redd.it/ru12lvaf7jyy.jpg,#5a3734,#c8a2a6,#a07b66
https://i.redd.it/ru12lvaf7jyy.jpg,#5a3734,#c8a2a6,#a07b66
http://i.imgur.com/lcEUZHv.jpg,#c4bcbc,#444b57,#f6dfb6
http://i.imgur.com/lcEUZHv.jpg,#c4bcbc,#444b57,#f6dfb6
http://i.imgur.com/M3NOzLC.jpg,#948c7c,#a95913,#722e0c
https://i.redd.it/rubsfuf64lvy.jpg,#4c4429,#0e117a,#94866a
https://i.redd.it/xae65ypfqycy.jpg,#c43d2f,#8d5c5b,#523232
http://i.imgur.com/FApqk3D.jpg,#049c3c,#f3c404,#e1ddd3
https://i.redd.it/ru12lvaf7jyy.jpg,#5a3734,#c8a2a6,#a07b66
http://i.imgur.com/FApqk3D.jpg,#049c3c,#f3c404,#e1ddd3
https://i.redd.it/xae65ypfqycy.jpg,#c43d2f,#8d5c5b,#523232
http://i.imgur.com/FApqk3D.jpg,#049c3c,#f3c404,#e1ddd3
https://i.redd.it/xae65ypfqycy.jpg,#c43d2f,#8d5c5b,#523232
http://i.imgur.com/sXhEQez.jpg,#b7b7b7,#4c4c4c,#7c7c7c
http://i.imgur.com/FApqk3D.jpg,#049c3c,#f3c404,#e1ddd3
https://i.redd.it/w5q6gldnvcuy.jpg,#a27b71,#5b3936,#dba49d
http://i.imgur.com/lcEUZHv.jpg,#c4bcbc,#444b57,#f6dfb6
https://i.redd.it/rubsfuf64lvy.jpg,#4c4429,#0e117a,#94866a
https://i.redd.it/rubsfuf64lvy.jpg,#4c4429,#0e117a,#94866a
http://i.imgur.com/FApqk3D.jpg,#049c3c,#f3c404,#e1ddd3
https://i.redd.it/ru12lvaf7jyy.jpg,#5a3734,#c8a2a6,#a07b66
http://i.imgur.com/FApqk3D.jpg,#049c3c,#f3c404,#e1ddd3
http://i.imgur.com/lcEUZHv.jpg,#c4bcbc,#444b57,#f6dfb6
http://i.imgur.com/lcEUZHv.jpg,#c4bcbc,#444b57,#f6dfb6
https://i.redd.it/xae65ypfqycy.jpg,#c43d2f,#8d5c5b,#523232
https://i.redd.it/xae65ypfqycy.jpg,#c43d2f,#8d5c5b,#523232
http://i.imgur.com/FApqk3D.jpg,#049c3c,#f3c404,#e1ddd3
https://i.redd.it/ru12lvaf7jyy.jpg,#5a3734,#c8a2a6,#a07b66
https://i.redd.it/w5q6gldnvcuy.jpg,#a27b71,#5b3936,#dba49d
https://i.redd.it/ru12lvaf7jyy.jpg,#5a3734,#c8a2a6,#a07b66
http://i.imgur.com/FApqk3D.jpg,#049c3c,#f3c404,#e1ddd3
https://i.redd.it/rubsfuf64lvy.jpg,#4c4429,#0e117a,#94866a
https://i.redd.it/rubsfuf64lvy.jpg,#4c4429,#0e117a,#94866a
http://i.imgur.com/sXhEQez.jpg,#b7b7b7,#4c4c4c,#7c7c7c
http://i.imgur.com/FApqk3D.jpg,#049c3c,#f3c404,#e1ddd3
https://i.redd.it/rubsfuf64lvy.jpg,#4c4429,#0e117a,#94866a
http://i.imgur.com/M3NOzLC.jpg,#948c7c,#a95913,#722e0c
https://i.redd.it/rubsfuf64lvy.jpg,#4c4429,#0e117a,#94866a
https://i.redd.it/ru12lvaf7jyy.jpg,#5a3734,#c8a2a6,#a07b66
https://i.redd.it/nrafqoujmety.jpg,#63463a,#cab4b1,#8d4f2e
https://i.redd.it/rubsfuf64lvy.jpg,#4c4429,#0e117a,#94866a
https://i.redd.it/rubsfuf64lvy.jpg,#4c4429,#0e117a,#94866a
https://i.redd.it/ru12lvaf7jyy.jpg,#5a3734,#c8a2a6,#a07b66
https://i.redd.it/w5q6gldnvcuy.jpg,#a27b71,#5b3936,#dba49d
https://i.redd.it/ru12lvaf7jyy.jpg,#5a3734,#c8a2a6,#a07b66
http://i.imgur.com/M3NOzLC.jpg,#948c7c,#a95913,#722e0c
https://i.redd.it/w5q6gldnvcuy.jpg,#a27b71,#5b3936,#dba49d
https://i.redd.it/w5q6gldnvcuy.jpg,#a27b71,#5b3936,#dba49d
https://i.redd.it/rubsfuf64lvy.jpg,#4c4429,#0e117a,#94866a
https://i.redd.it/rubsfuf64lvy.jpg,#4c4429,#0e117a,#94866a
https://i.redd.it/ru12lvaf7jyy.jpg,#5a3734,#c8a2a6,#a07b66
https://i.redd.it/rubsfuf64lvy.jpg,#4c4429,#0e117a,#94866a
https://i.redd.it/rubsfuf64lvy.jpg,#4c4429,#0e117a,#94866a
http://i.imgur.com/FApqk3D.jpg,#049c3c,#f3c404,#e1ddd3
http://i.imgur.com/lcEUZHv.jpg,#c4bcbc,#444b57,#f6dfb6
https://i.redd.it/w5q6gldnvcuy.jpg,#a27b71,#5b3936,#dba49d
http://i.imgur.com/lcEUZHv.jpg,#c4bcbc,#444b57,#f6dfb6
https://i.redd.it/w5q6gldnvcuy.jpg,#a27b71,#5b3936,#dba49d
http://i.imgur.com/lcEUZHv.jpg,#c4bcbc,#444b57,#f6dfb6
http://i.imgur.com/M3NOzLC.jpg,#948c7c,#a95913,#722e0c
https://i.redd.it/w5q6gldnvcuy.jpg,#a27b71,#5b3936,#dba49d
https://i.redd.it/ru12lvaf7jyy.jpg,#5a3734,#c8a2a6,#a07b66
https://i.redd.it/w5q6gldnvcuy.jpg,#a27b71,#5b3936,#dba49d
https://i.redd.it/nrafqoujmety.jpg,#63463a,#cab4b1,#8d4f2e
https://i.redd.it/ru12lvaf7jyy.jpg,#5a3734,#c8a2a6,#a07b66
https://i.redd.it/w5q6gldnvcuy.jpg,#a27b71,#5b3936,#dba49d
http://i.imgur.com/M3NOzLC.jpg,#948c7c,#a95913,#722e0c
http://i.imgur.com/M3NOzLC.jpg,#948c7c,#a95913,#722e0c
http://i.imgur.com/M3NOzLC.jpg,#948c7c,#a95913,#722e0c
http://i.imgur.com/M3NOzLC.jpg,#948c7c,#a95913,#722e0c
http://i.imgur.com/M3NOzLC.jpg,#948c7c,#a95913,#722e0c
http://i.imgur.com/lcEUZHv.jpg,#c4bcbc,#444b57,#f6dfb6
http://i.imgur.com/M3NOzLC.jpg,#948c7c,#a95913,#722e0c
https://i.redd.it/rubsfuf64lvy.jpg,#4c4429,#0e117a,#94866a
http://i.imgur.com/lcEUZHv.jpg,#c4bcbc,#444b57,#f6dfb6
https://i.redd.it/w5q6gldnvcuy.jpg,#a27b71,#5b3936,#dba49d
http://i.imgur.com/M3NOzLC.jpg,#948c7c,#a95913,#722e0c
http://i.imgur.com/M3NOzLC.jpg,#948c7c,#a95913,#722e0c
https://i.redd.it/m4cfqp8wfv5z.jpg,#504136,#cd9f5e,#885623
http://i.imgur.com/lcEUZHv.jpg,#c4bcbc,#444b57,#f6dfb6
https://i.redd.it/rubsfuf64lvy.jpg,#4c4429,#0e117a,#94866a
http://i.imgur.com/lcEUZHv.jpg,#c4bcbc,#444b57,#f6dfb6
http://i.imgur.com/M3NOzLC.jpg,#948c7c,#a95913,#722e0c
https://i.redd.it/rubsfuf64lvy.jpg,#4c4429,#0e117a,#94866a
http://i.imgur.com/M3NOzLC.jpg,#948c7c,#a95913,#722e0c
http://i.imgur.com/lcEUZHv.jpg,#c4bcbc,#444b57,#f6dfb6
http://i.imgur.com/M3NOzLC.jpg,#948c7c,#a95913,#722e0c
http://i.imgur.com/M3NOzLC.jpg,#948c7c,#a95913,#722e0c
http://i.imgur.com/M3NOzLC.jpg,#948c7c,#a95913,#722e0c
http://i.imgur.com/M3NOzLC.jpg,#948c7c,#a95913,#722e0c
http://i.imgur.com/M3NOzLC.jpg,#948c7c,#a95913,#722e0c
https://i.redd.it/0qow2dksb34z.jpg,#9b8e62,#c2a67e,#3e572d
http://i.imgur.com/lcEUZHv.jpg,#c4bcbc,#444b57,#f6dfb6
http://i.imgur.com/lcEUZHv.jpg,#c4bcbc,#444b57,#f6dfb6
https://i.redd.it/rubsfuf64lvy.jpg,#4c4429,#0e117a,#94866a
https://i.redd.it/ru12lvaf7jyy.jpg,#5a3734,#c8a2a6,#a07b66
https://i.redd.it/ru12lvaf7jyy.jpg,#5a3734,#c8a2a6,#a07b66
http://i.imgur.com/lcEUZHv.jpg,#c4bcbc,#444b57,#f6dfb6
http://i.imgur.com/lcEUZHv.jpg,#c4bcbc,#444b57,#f6dfb6
https://i.redd.it/w5q6gldnvcuy.jpg,#a27b71,#5b3936,#dba49d
http://i.imgur.com/lcEUZHv.jpg,#c4bcbc,#444b57,#f6dfb6
http://i.imgur.com/lcEUZHv.jpg,#c4bcbc,#444b57,#f6dfb6
http://i.imgur.com/M3NOzLC.jpg,#948c7c,#a95913,#722e0c
https://i.redd.it/w5q6gldnvcuy.jpg,#a27b71,#5b3936,#dba49d
https://i.redd.it/guul6eld2soy.jpg,#4e4826,#d2cbb7,#0a2e95
https://i.redd.it/w5q6gldnvcuy.jpg,#a27b71,#5b3936,#dba49d
https://i.redd.it/rubsfuf64lvy.jpg,#4c4429,#0e117a,#94866a
https://i.redd.it/w5q6gldnvcuy.jpg,#a27b71,#5b3936,#dba49d
http://i.imgur.com/lcEUZHv.jpg,#c4bcbc,#444b57,#f6dfb6
https://i.redd.it/ru12lvaf7jyy.jpg,#5a3734,#c8a2a6,#a07b66
https://i.redd.it/d8021b5i2moy.jpg,#6c513d,#ae885e,#d3bda5
https://i.redd.it/m4cfqp8wfv5z.jpg,#504136,#cd9f5e,#885623
https://i.redd.it/0qow2dksb34z.jpg,#9b8e62,#c2a67e,#3e572d
https://i.redd.it/guul6eld2soy.jpg,#4e4826,#d2cbb7,#0a2e95
https://i.redd.it/guul6eld2soy.jpg,#4e4826,#d2cbb7,#0a2e95
https://i.redd.it/guul6eld2soy.jpg,#4e4826,#d2cbb7,#0a2e95
https://i.redd.it/guul6eld2soy.jpg,#4e4826,#d2cbb7,#0a2e95
https://i.redd.it/guul6eld2soy.jpg,#4e4826,#d2cbb7,#0a2e95
https://i.redd.it/guul6eld2soy.jpg,#4e4826,#d2cbb7,#0a2e95
https://i.redd.it/0qow2dksb34z.jpg,#9b8e62,#c2a67e,#3e572d
https://i.redd.it/d8021b5i2moy.jpg,#6c513d,#ae885e,#d3bda5
https://i.redd.it/guul6eld2soy.jpg,#4e4826,#d2cbb7,#0a2e95
https://i.redd.it/d8021b5i2moy.jpg,#6c513d,#ae885e,#d3bda5
https://i.redd.it/guul6eld2soy.jpg,#4e4826,#d2cbb7,#0a2e95
https://i.redd.it/guul6eld2soy.jpg,#4e4826,#d2cbb7,#0a2e95
https://i.redd.it/guul6eld2soy.jpg,#4e4826,#d2cbb7,#0a2e95
https://i.redd.it/guul6eld2soy.jpg,#4e4826,#d2cbb7,#0a2e95
https://i.redd.it/0qow2dksb34z.jpg,#9b8e62,#c2a67e,#3e572d
https://i.redd.it/guul6eld2soy.jpg,#4e4826,#d2cbb7,#0a2e95
https://i.redd.it/guul6eld2soy.jpg,#4e4826,#d2cbb7,#0a2e95
https://i.redd.it/m4cfqp8wfv5z.jpg,#504136,#cd9f5e,#885623
https://i.redd.it/guul6eld2soy.jpg,#4e4826,#d2cbb7,#0a2e95
https://i.redd.it/guul6eld2soy.jpg,#4e4826,#d2cbb7,#0a2e95
http://i.imgur.com/pt9rmrv.jpg,#ecb897,#b28471,#184870
https://i.redd.it/0qow2dksb34z.jpg,#9b8e62,#c2a67e,#3e572d
https://i.redd.it/guul6eld2soy.jpg,#4e4826,#d2cbb7,#0a2e95
https://i.redd.it/0qow2dksb34z.jpg,#9b8e62,#c2a67e,#3e572d
https://i.redd.it/0qow2dksb34z.jpg,#9b8e62,#c2a67e,#3e572d
https://i.imgur.com/HRgRMOw.jpg,#3a434a,#4a669c,#c89d23
https://i.redd.it/d8021b5i2moy.jpg,#6c513d,#ae885e,#d3bda5
https://i.redd.it/0qow2dksb34z.jpg,#9b8e62,#c2a67e,#3e572d
https://i.redd.it/0qow2dksb34z.jpg,#9b8e62,#c2a67e,#3e572d
https://i.redd.it/guul6eld2soy.jpg,#4e4826,#d2cbb7,#0a2e95
https://i.redd.it/0qow2dksb34z.jpg,#9b8e62,#c2a67e,#3e572d
https://i.redd.it/guul6eld2soy.jpg,#4e4826,#d2cbb7,#0a2e95
http://i.imgur.com/pt9rmrv.jpg,#ecb897,#b28471,#184870
https://i.redd.it/0qow2dksb34z.jpg,#9b8e62,#c2a67e,#3e572d
https://i.redd.it/d8021b5i2moy.jpg,#6c513d,#ae885e,#d3bda5
https://i.redd.it/0qow2dksb34z.jpg,#9b8e62,#c2a67e,#3e572d
https://i.redd.it/0qow2dksb34z.jpg,#9b8e62,#c2a67e,#3e572d
https://i.imgur.com/HRgRMOw.jpg,#3a434a,#4a669c,#c89d23
https://i.redd.it/0qow2dksb34z.jpg,#9b8e62,#c2a67e,#3e572d
https://i.redd.it/0qow2dksb34z.jpg,#9b8e62,#c2a67e,#3e572d
https://i.redd.it/d8021b5i2moy.jpg,#6c513d,#ae885e,#d3bda5
http://i.imgur.com/pt9rmrv.jpg,#ecb897,#b28471,#184870
https://i.redd.it/0qow2dksb34z.jpg,#9b8e62,#c2a67e,#3e572d
https://i.redd.it/d8021b5i2moy.jpg,#6c513d,#ae885e,#d3bda5
https://i.redd.it/guul6eld2soy.jpg,#4e4826,#d2cbb7,#0a2e95
https://i.redd.it/0qow2dksb34z.jpg,#9b8e62,#c2a67e,#3e572d
http://i.imgur.com/pt9rmrv.jpg,#ecb897,#b28471,#184870
https://i.redd.it/guul6eld2soy.jpg,#4e4826,#d2cbb7,#0a2e95
https://i.imgur.com/HRgRMOw.jpg,#3a434a,#4a669c,#c89d23
https://i.redd.it/0qow2dksb34z.jpg,#9b8e62,#c2a67e,#3e572d
https://i.imgur.com/HRgRMOw.jpg,#3a434a,#4a669c,#c89d23
https://i.redd.it/d8021b5i2moy.jpg,#6c513d,#ae885e,#d3bda5
https://i.imgur.com/HRgRMOw.jpg,#3a434a,#4a669c,#c89d23
https://i.redd.it/m4cfqp8wfv5z.jpg,#504136,#cd9f5e,#885623
https://i.redd.it/guul6eld2soy.jpg,#4e4826,#d2cbb7,#0a2e95
https://i.redd.it/d8021b5i2moy.jpg,#6c513d,#ae885e,#d3bda5
https://i.redd.it/m4cfqp8wfv5z.jpg,#504136,#cd9f5e,#885623
https://i.redd.it/d8021b5i2moy.jpg,#6c513d,#ae885e,#d3bda5
https://i.redd.it/0qow2dksb34z.jpg,#9b8e62,#c2a67e,#3e572d
https://i.imgur.com/HRgRMOw.jpg,#3a434a,#4a669c,#c89d23
https://i.redd.it/d8021b5i2moy.jpg,#6c513d,#ae885e,#d3bda5
http://i.imgur.com/pt9rmrv.jpg,#ecb897,#b28471,#184870
http://i.imgur.com/pt9rmrv.jpg,#ecb897,#b28471,#184870
https://i.redd.it/m4cfqp8wfv5z.jpg,#504136,#cd9f5e,#885623
https://i.imgur.com/HRgRMOw.jpg,#3a434a,#4a669c,#c89d23
https://i.redd.it/0qow2dksb34z.jpg,#9b8e62,#c2a67e,#3e572d
http://i.imgur.com/pt9rmrv.jpg,#ecb897,#b28471,#184870
https://i.redd.it/d8021b5i2moy.jpg,#6c513d,#ae885e,#d3bda5
http://i.imgur.com/pt9rmrv.jpg,#ecb897,#b28471,#184870
http://i.imgur.com/pt9rmrv.jpg,#ecb897,#b28471,#184870
https://i.imgur.com/HRgRMOw.jpg,#3a434a,#4a669c,#c89d23
https://i.redd.it/d8021b5i2moy.jpg,#6c513d,#ae885e,#d3bda5
https://i.redd.it/0qow2dksb34z.jpg,#9b8e62,#c2a67e,#3e572d
https://i.imgur.com/HRgRMOw.jpg,#3a434a,#4a669c,#c89d23
https://i.redd.it/d8021b5i2moy.jpg,#6c513d,#ae885e,#d3bda5
http://i.imgur.com/pt9rmrv.jpg,#ecb897,#b28471,#184870
http://i.imgur.com/pt9rmrv.jpg,#ecb897,#b28471,#184870
https://i.redd.it/m4cfqp8wfv5z.jpg,#504136,#cd9f5e,#885623
https://i.redd.it/d8021b5i2moy.jpg,#6c513d,#ae885e,#d3bda5
https://i.redd.it/0qow2dksb34z.jpg,#9b8e62,#c2a67e,#3e572d
https://i.redd.it/m4cfqp8wfv5z.jpg,#504136,#cd9f5e,#885623
https://i.redd.it/guul6eld2soy.jpg,#4e4826,#d2cbb7,#0a2e95
https://i.redd.it/d8021b5i2moy.jpg,#6c513d,#ae885e,#d3bda5
http://i.imgur.com/pt9rmrv.jpg,#ecb897,#b28471,#184870
https://i.redd.it/guul6eld2soy.jpg,#4e4826,#d2cbb7,#0a2e95
https://i.redd.it/0qow2dksb34z.jpg,#9b8e62,#c2a67e,#3e572d
https://i.redd.it/m4cfqp8wfv5z.jpg,#504136,#cd9f5e,#885623
https://i.imgur.com/HRgRMOw.jpg,#3a434a,#4a669c,#c89d23
https://i.imgur.com/HRgRMOw.jpg,#3a434a,#4a669c,#c89d23
https://i.imgur.com/HRgRMOw.jpg,#3a434a,#4a669c,#c89d23
https://i.imgur.com/HRgRMOw.jpg,#3a434a,#4a669c,#c89d23
http://i.imgur.com/pt9rmrv.jpg,#ecb897,#b28471,#184870
http://i.imgur.com/pt9rmrv.jpg,#ecb897,#b28471,#184870
http://i.imgur.com/pt9rmrv.jpg,#ecb897,#b28471,#184870
http://i.imgur.com/pt9rmrv.jpg,#ecb897,#b28471,#184870
http://i.imgur.com/pt9rmrv.jpg,#ecb897,#b28471,#184870
http://i.imgur.com/pt9rmrv.jpg,#ecb897,#b28471,#184870
https://i.imgur.com/HRgRMOw.jpg,#3a434a,#4a669c,#c89d23
https://i.imgur.com/HRgRMOw.jpg,#3a434a,#4a669c,#c89d23
https://i.redd.it/0qow2dksb34z.jpg,#9b8e62,#c2a67e,#3e572d
http://i.imgur.com/pt9rmrv.jpg,#ecb897,#b28471,#184870
http://i.imgur.com/pt9rmrv.jpg,#ecb897,#b28471,#184870
https://i.redd.it/d8021b5i2moy.jpg,#6c513d,#ae885e,#d3bda5
https://i.redd.it/m4cfqp8wfv5z.jpg,#504136,#cd9f5e,#885623
https://i.redd.it/d8021b5i2moy.jpg,#6c513d,#ae885e,#d3bda5
http://i.imgur.com/pt9rmrv.jpg,#ecb897,#b28471,#184870
http://i.imgur.com/pt9rmrv.jpg,#ecb897,#b28471,#184870
https://i.redd.it/m4cfqp8wfv5z.jpg,#504136,#cd9f5e,#885623
http://i.imgur.com/pt9rmrv.jpg,#ecb897,#b28471,#184870
https://i.redd.it/0qow2dksb34z.jpg,#9b8e62,#c2a67e,#3e572d
http://i.imgur.com/pt9rmrv.jpg,#ecb897,#b28471,#184870
http://i.imgur.com/pt9rmrv.jpg,#ecb897,#b28471,#184870
https://i.redd.it/d8021b5i2moy.jpg,#6c513d,#ae885e,#d3bda5
https://i.imgur.com/HRgRMOw.jpg,#3a434a,#4a669c,#c89d23
https://i.redd.it/m4cfqp8wfv5z.jpg,#504136,#cd9f5e,#885623
https://i.redd.it/d8021b5i2moy.jpg,#6c513d,#ae885e,#d3bda5
https://i.redd.it/m4cfqp8wfv5z.jpg,#504136,#cd9f5e,#885623
https://i.imgur.com/HRgRMOw.jpg,#3a434a,#4a669c,#c89d23
https://i.imgur.com/HRgRMOw.jpg,#3a434a,#4a669c,#c89d23
https://i.redd.it/d8021b5i2moy.jpg,#6c513d,#ae885e,#d3bda5
https://i.redd.it/d8021b5i2moy.jpg,#6c513d,#ae885e,#d3bda5
https://i.imgur.com/HRgRMOw.jpg,#3a434a,#4a669c,#c89d23
https://i.imgur.com/HRgRMOw.jpg,#3a434a,#4a669c,#c89d23
https://i.imgur.com/HRgRMOw.jpg,#3a434a,#4a669c,#c89d23
https://i.redd.it/d8021b5i2moy.jpg,#6c513d,#ae885e,#d3bda5
https://i.redd.it/m4cfqp8wfv5z.jpg,#504136,#cd9f5e,#885623
https://i.redd.it/m4cfqp8wfv5z.jpg,#504136,#cd9f5e,#885623
https://i.redd.it/m4cfqp8wfv5z.jpg,#504136,#cd9f5e,#885623
https://i.redd.it/m4cfqp8wfv5z.jpg,#504136,#cd9f5e,#885623
https://i.redd.it/m4cfqp8wfv5z.jpg,#504136,#cd9f5e,#885623
https://i.redd.it/d8021b5i2moy.jpg,#6c513d,#ae885e,#d3bda5
https://i.imgur.com/HRgRMOw.jpg,#3a434a,#4a669c,#c89d23
https://i.redd.it/m4cfqp8wfv5z.jpg,#504136,#cd9f5e,#885623
https://i.imgur.com/HRgRMOw.jpg,#3a434a,#4a669c,#c89d23
https://i.imgur.com/HRgRMOw.jpg,#3a434a,#4a669c,#c89d23
https://i.imgur.com/HRgRMOw.jpg,#3a434a,#4a669c,#c89d23
https://i.redd.it/d8021b5i2moy.jpg,#6c513d,#ae885e,#d3bda5
https://i.redd.it/m4cfqp8wfv5z.jpg,#504136,#cd9f5e,#885623
https://i.redd.it/m4cfqp8wfv5z.jpg,#504136,#cd9f5e,#885623
https://i.redd.it/m4cfqp8wfv5z.jpg,#504136,#cd9f5e,#885623
https://i.redd.it/m4cfqp8wfv5z.jpg,#504136,#cd9f5e,#885623
https://i.redd.it/m4cfqp8wfv5z.jpg,#504136,#cd9f5e,#885623
https://i.redd.it/m4cfqp8wfv5z.jpg,#504136,#cd9f5e,#885623
https://i.redd.it/lsuw4p2ncyny.jpg,#604e34,#a27f55,#e1d979
https://i.redd.it/lsuw4p2ncyny.jpg,#604e34,#a27f55,#e1d979
http://i.imgur.com/Gh2I3pq.jpg,#ccb3a2,#95735a,#4d392e
http://i.imgur.com/Gh2I3pq.jpg,#ccb3a2,#95735a,#4d392e
http://i.imgur.com/Gh2I3pq.jpg,#ccb3a2,#95735a,#4d392e
https://i.redd.it/7ofdqmp53bzy.jpg,#e0c09e,#94886c,#622f28
http://i.imgur.com/Gh2I3pq.jpg,#ccb3a2,#95735a,#4d392e
http://i.imgur.com/Gh2I3pq.jpg,#ccb3a2,#95735a,#4d392e
http://i.imgur.com/Gh2I3pq.jpg,#ccb3a2,#95735a,#4d392e
http://i.imgur.com/Gh2I3pq.jpg,#ccb3a2,#95735a,#4d392e
http://i.imgur.com/Gh2I3pq.jpg,#ccb3a2,#95735a,#4d392e
http://i.imgur.com/Gh2I3pq.jpg,#ccb3a2,#95735a,#4d392e
http://i.imgur.com/Gh2I3pq.jpg,#ccb3a2,#95735a,#4d392e
http://i.imgur.com/Gh2I3pq.jpg,#ccb3a2,#95735a,#4d392e
http://i.imgur.com/Gh2I3pq.jpg,#ccb3a2,#95735a,#4d392e
http://i.imgur.com/Gh2I3pq.jpg,#ccb3a2,#95735a,#4d392e
http://i.imgur.com/Gh2I3pq.jpg,#ccb3a2,#95735a,#4d392e
http://i.imgur.com/Gh2I3pq.jpg,#ccb3a2,#95735a,#4d392e
http://i.imgur.com/Gh2I3pq.jpg,#ccb3a2,#95735a,#4d392e
http://i.imgur.com/Gh2I3pq.jpg,#ccb3a2,#95735a,#4d392e
http://i.imgur.com/Gh2I3pq.jpg,#ccb3a2,#95735a,#4d392e
https://i.redd.it/7ofdqmp53bzy.jpg,#e0c09e,#94886c,#622f28
http://i.imgur.com/Gh2I3pq.jpg,#ccb3a2,#95735a,#4d392e
http://i.imgur.com/Gh2I3pq.jpg,#ccb3a2,#95735a,#4d392e
http://i.imgur.com/Gh2I3pq.jpg,#ccb3a2,#95735a,#4d392e
http://i.imgur.com/Gh2I3pq.jpg,#ccb3a2,#95735a,#4d392e
http://i.imgur.com/Gh2I3pq.jpg,#ccb3a2,#95735a,#4d392e
http://i.imgur.com/Gh2I3pq.jpg,#ccb3a2,#95735a,#4d392e
http://i.imgur.com/Gh2I3pq.jpg,#ccb3a2,#95735a,#4d392e
https://i.redd.it/7ofdqmp53bzy.jpg,#e0c09e,#94886c,#622f28
https://i.redd.it/7ofdqmp53bzy.jpg,#e0c09e,#94886c,#622f28
https://i.redd.it/lsuw4p2ncyny.jpg,#604e34,#a27f55,#e1d979
https://i.redd.it/lsuw4p2ncyny.jpg,#604e34,#a27f55,#e1d979
https://i.redd.it/7ofdqmp53bzy.jpg,#e0c09e,#94886c,#622f28
https://i.redd.it/sn7ufk9fsv4z.jpg,#a11919,#ceb5b1,#91976d
https://i.redd.it/7ofdqmp53bzy.jpg,#e0c09e,#94886c,#622f28
https://i.redd.it/7ofdqmp53bzy.jpg,#e0c09e,#94886c,#622f28
https://i.redd.it/7ofdqmp53bzy.jpg,#e0c09e,#94886c,#622f28
https://i.redd.it/7ofdqmp53bzy.jpg,#e0c09e,#94886c,#622f28
https://i.redd.it/7ofdqmp53bzy.jpg,#e0c09e,#94886c,#622f28
https://i.redd.it/7ofdqmp53bzy.jpg,#e0c09e,#94886c,#622f28
https://i.redd.it/lsuw4p2ncyny.jpg,#604e34,#a27f55,#e1d979
https://i.redd.it/lsuw4p2ncyny.jpg,#604e34,#a27f55,#e1d979
https://i.redd.it/7ofdqmp53bzy.jpg,#e0c09e,#94886c,#622f28
https://i.redd.it/7ofdqmp53bzy.jpg,#e0c09e,#94886c,#622f28
https://i.redd.it/lsuw4p2ncyny.jpg,#604e34,#a27f55,#e1d979
https://i.redd.it/7ofdqmp53bzy.jpg,#e0c09e,#94886c,#622f28
https://i.redd.it/lsuw4p2ncyny.jpg,#604e34,#a27f55,#e1d979
https://i.redd.it/7ofdqmp53bzy.jpg,#e0c09e,#94886c,#622f28
https://i.redd.it/lsuw4p2ncyny.jpg,#604e34,#a27f55,#e1d979
https://i.redd.it/7ofdqmp53bzy.jpg,#e0c09e,#94886c,#622f28
https://i.redd.it/lsuw4p2ncyny.jpg,#604e34,#a27f55,#e1d979
https://i.redd.it/7ofdqmp53bzy.jpg,#e0c09e,#94886c,#622f28
https://i.redd.it/lsuw4p2ncyny.jpg,#604e34,#a27f55,#e1d979
https://i.redd.it/lsuw4p2ncyny.jpg,#604e34,#a27f55,#e1d979
https://i.redd.it/lsuw4p2ncyny.jpg,#604e34,#a27f55,#e1d979
https://i.redd.it/lsuw4p2ncyny.jpg,#604e34,#a27f55,#e1d979
https://i.redd.it/lsuw4p2ncyny.jpg,#604e34,#a27f55,#e1d979
https://i.redd.it/7ofdqmp53bzy.jpg,#e0c09e,#94886c,#622f28
https://i.redd.it/lsuw4p2ncyny.jpg,#604e34,#a27f55,#e1d979
https://i.redd.it/7ofdqmp53bzy.jpg,#e0c09e,#94886c,#622f28
https://i.redd.it/7ofdqmp53bzy.jpg,#e0c09e,#94886c,#622f28
https://i.redd.it/lsuw4p2ncyny.jpg,#604e34,#a27f55,#e1d979
https://i.redd.it/lsuw4p2ncyny.jpg,#604e34,#a27f55,#e1d979
https://i.redd.it/lsuw4p2ncyny.jpg,#604e34,#a27f55,#e1d979
https://i.redd.it/7ofdqmp53bzy.jpg,#e0c09e,#94886c,#622f28
https://i.redd.it/lsuw4p2ncyny.jpg,#604e34,#a27f55,#e1d979
https://i.redd.it/lsuw4p2ncyny.jpg,#604e34,#a27f55,#e1d979
https://i.redd.it/lsuw4p2ncyny.jpg,#604e34,#a27f55,#e1d979
https://i.redd.it/7ofdqmp53bzy.jpg,#e0c09e,#94886c,#622f28
https://i.redd.it/lsuw4p2ncyny.jpg,#604e34,#a27f55,#e1d979
https://i.redd.it/sn7ufk9fsv4z.jpg,#a11919,#ceb5b1,#91976d
https://i.redd.it/7ofdqmp53bzy.jpg,#e0c09e,#94886c,#622f28
https://i.redd.it/7ofdqmp53bzy.jpg,#e0c09e,#94886c,#622f28
https://i.redd.it/7ofdqmp53bzy.jpg,#e0c09e,#94886c,#622f28
https://i.redd.it/lsuw4p2ncyny.jpg,#604e34,#a27f55,#e1d979
https://i.redd.it/lsuw4p2ncyny.jpg,#604e34,#a27f55,#e1d979
https://i.redd.it/sn7ufk9fsv4z.jpg,#a11919,#ceb5b1,#91976d
https://i.redd.it/sn7ufk9fsv4z.jpg,#a11919,#ceb5b1,#91976d
https://i.redd.it/sn7ufk9fsv4z.jpg,#a11919,#ceb5b1,#91976d
https://i.redd.it/sn7ufk9fsv4z.jpg,#a11919,#ceb5b1,#91976d
https://i.redd.it/sn7ufk9fsv4z.jpg,#a11919,#ceb5b1,#91976d
https://i.redd.it/sn7ufk9fsv4z.jpg,#a11919,#ceb5b1,#91976d
https://i.redd.it/sn7ufk9fsv4z.jpg,#a11919,#ceb5b1,#91976d
https://i.redd.it/sn7ufk9fsv4z.jpg,#a11919,#ceb5b1,#91976d
https://i.redd.it/sn7ufk9fsv4z.jpg,#a11919,#ceb5b1,#91976d
https://i.redd.it/sn7ufk9fsv4z.jpg,#a11919,#ceb5b1,#91976d
https://i.redd.it/sn7ufk9fsv4z.jpg,#a11919,#ceb5b1,#91976d
https://i.redd.it/sn7ufk9fsv4z.jpg,#a11919,#ceb5b1,#91976d
https://i.redd.it/sn7ufk9fsv4z.jpg,#a11919,#ceb5b1,#91976d
https://i.redd.it/sn7ufk9fsv4z.jpg,#a11919,#ceb5b1,#91976d
https://i.redd.it/sn7ufk9fsv4z.jpg,#a11919,#ceb5b1,#91976d
https://i.redd.it/sn7ufk9fsv4z.jpg,#a11919,#ceb5b1,#91976d
https://i.redd.it/sn7ufk9fsv4z.jpg,#a11919,#ceb5b1,#91976d
https://i.redd.it/sn7ufk9fsv4z.jpg,#a11919,#ceb5b1,#91976d
https://i.redd.it/sn7ufk9fsv4z.jpg,#a11919,#ceb5b1,#91976d
https://i.redd.it/sn7ufk9fsv4z.jpg,#a11919,#ceb5b1,#91976d
https://i.redd.it/sn7ufk9fsv4z.jpg,#a11919,#ceb5b1,#91976d
https://i.redd.it/sn7ufk9fsv4z.jpg,#a11919,#ceb5b1,#91976d
https://i.redd.it/sn7ufk9fsv4z.jpg,#a11919,#ceb5b1,#91976d
https://i.redd.it/ftd3sx5ah13z.jpg,#b66855,#b44b2e,#caa39e
https://i.redd.it/ftd3sx5ah13z.jpg,#b66855,#b44b2e,#caa39e
https://i.redd.it/ftd3sx5ah13z.jpg,#b66855,#b44b2e,#caa39e
https://i.redd.it/ftd3sx5ah13z.jpg,#b66855,#b44b2e,#caa39e
https://i.redd.it/ftd3sx5ah13z.jpg,#b66855,#b44b2e,#caa39e
https://i.redd.it/ftd3sx5ah13z.jpg,#b66855,#b44b2e,#caa39e
https://i.redd.it/ftd3sx5ah13z.jpg,#b66855,#b44b2e,#caa39e
https://i.redd.it/ftd3sx5ah13z.jpg,#b66855,#b44b2e,#caa39e
https://i.redd.it/ftd3sx5ah13z.jpg,#b66855,#b44b2e,#caa39e
https://i.redd.it/ftd3sx5ah13z.jpg,#b66855,#b44b2e,#caa39e
https://i.redd.it/ftd3sx5ah13z.jpg,#b66855,#b44b2e,#caa39e
https://i.redd.it/ftd3sx5ah13z.jpg,#b66855,#b44b2e,#caa39e
https://i.redd.it/ftd3sx5ah13z.jpg,#b66855,#b44b2e,#caa39e
https://i.redd.it/ftd3sx5ah13z.jpg,#b66855,#b44b2e,#caa39e
https://i.redd.it/ftd3sx5ah13z.jpg,#b66855,#b44b2e,#caa39e
https://i.redd.it/ftd3sx5ah13z.jpg,#b66855,#b44b2e,#caa39e
https://i.redd.it/ftd3sx5ah13z.jpg,#b66855,#b44b2e,#caa39e
https://i.redd.it/ftd3sx5ah13z.jpg,#b66855,#b44b2e,#caa39e
https://i.redd.it/ftd3sx5ah13z.jpg,#b66855,#b44b2e,#caa39e
https://i.redd.it/ftd3sx5ah13z.jpg,#b66855,#b44b2e,#caa39e
https://i.redd.it/ftd3sx5ah13z.jpg,#b66855,#b44b2e,#caa39e
https://i.redd.it/ftd3sx5ah13z.jpg,#b66855,#b44b2e,#caa39e
https://i.redd.it/ftd3sx5ah13z.jpg,#b66855,#b44b2e,#caa39e
https://i.redd.it/ftd3sx5ah13z.jpg,#b66855,#b44b2e,#caa39e
https://i.redd.it/ftd3sx5ah13z.jpg,#b66855,#b44b2e,#caa39e
http://i.imgur.com/enhDnTM.jpg,#1c94bb,#9ed1e2,#06232c
http://i.imgur.com/enhDnTM.jpg,#1c94bb,#9ed1e2,#06232c
http://i.imgur.com/enhDnTM.jpg,#1c94bb,#9ed1e2,#06232c
http://i.imgur.com/enhDnTM.jpg,#1c94bb,#9ed1e2,#06232c
http://i.imgur.com/enhDnTM.jpg,#1c94bb,#9ed1e2,#06232c
http://i.imgur.com/enhDnTM.jpg,#1c94bb,#9ed1e2,#06232c
http://i.imgur.com/enhDnTM.jpg,#1c94bb,#9ed1e2,#06232c
http://i.imgur.com/enhDnTM.jpg,#1c94bb,#9ed1e2,#06232c
http://i.imgur.com/enhDnTM.jpg,#1c94bb,#9ed1e2,#06232c
http://i.imgur.com/enhDnTM.jpg,#1c94bb,#9ed1e2,#06232c
http://i.imgur.com/enhDnTM.jpg,#1c94bb,#9ed1e2,#06232c
http://i.imgur.com/enhDnTM.jpg,#1c94bb,#9ed1e2,#06232c
http://i.imgur.com/enhDnTM.jpg,#1c94bb,#9ed1e2,#06232c
http://i.imgur.com/enhDnTM.jpg,#1c94bb,#9ed1e2,#06232c
http://i.imgur.com/enhDnTM.jpg,#1c94bb,#9ed1e2,#06232c
http://i.imgur.com/enhDnTM.jpg,#1c94bb,#9ed1e2,#06232c
http://i.imgur.com/enhDnTM.jpg,#1c94bb,#9ed1e2,#06232c
http://i.imgur.com/enhDnTM.jpg,#1c94bb,#9ed1e2,#06232c
http://i.imgur.com/enhDnTM.jpg,#1c94bb,#9ed1e2,#06232c
http://i.imgur.com/enhDnTM.jpg,#1c94bb,#9ed1e2,#06232c
http://i.imgur.com/enhDnTM.jpg,#1c94bb,#9ed1e2,#06232c
http://i.imgur.com/enhDnTM.jpg,#1c94bb,#9ed1e2,#06232c
http://i.imgur.com/enhDnTM.jpg,#1c94bb,#9ed1e2,#06232c
http://i.imgur.com/enhDnTM.jpg,#1c94bb,#9ed1e2,#06232c
http://i.imgur.com/enhDnTM.jpg,#1c94bb,#9ed1e2,#06232c
